"group","lon","lat","species","subspecies","ID"
"Gulf",-96.408333,18.258333,"rufivirgatus","ruf_crassirostris",7463
"Gulf",-95.31666667,18.55,"rufivirgatus","ruf_crassirostris",713
"Gulf",-96.900692,18.834301,"rufivirgatus","ruf_crassirostris",8563
"Gulf",-96.403952,18.231069,"rufivirgatus","ruf_crassirostris",8569
"Gulf",-96.18333,18.05,"rufivirgatus","ruf_crassirostris",8656
"Gulf",-95.0521,17.3343,"rufivirgatus","ruf_crassirostris",8545
"Gulf",-96.3065015,18.2711884,"rufivirgatus","ruf_crassirostris",49386
"Gulf",-96.1526871,18.0592876,"rufivirgatus","ruf_crassirostris",53461
"Gulf",-95.9892979,18.9551246,"rufivirgatus","ruf_crassirostris",54104
"Gulf",-96.03763,17.84723,"rufivirgatus","ruf_crassirostris",55631
"Gulf",-96.1990666,17.8451832,"rufivirgatus","ruf_crassirostris",55746
"Gulf",-96.8039571,19.5139504,"rufivirgatus","ruf_crassirostris",56103
"Gulf",-96.9455374,19.5346141,"rufivirgatus","ruf_crassirostris",57161
"Gulf",-96.7188946,19.3535129,"rufivirgatus","ruf_crassirostris",58567
"Gulf",-96.32749,18.14548,"rufivirgatus","ruf_crassirostris",61171
"Gulf",-94.4433689,17.2763008,"rufivirgatus","ruf_crassirostris",62088
"Gulf",-96.890872,18.8285828,"rufivirgatus","ruf_crassirostris",62757
"Gulf",-95.04174,18.35798,"rufivirgatus","ruf_crassirostris",65623
"Gulf",-96.2271594,18.0504537,"rufivirgatus","ruf_crassirostris",68620
"Gulf",-96.6962164,19.4253553,"rufivirgatus","ruf_crassirostris",70922
"Gulf",-96.2921272,17.5696004,"rufivirgatus","ruf_crassirostris",71877
"Gulf",-95.11652,18.24672,"rufivirgatus","ruf_crassirostris",71907
"Gulf",-94.9838018,16.9556952,"rufivirgatus","ruf_crassirostris",73521
"Gulf",-94.9428767,17.2973392,"rufivirgatus","ruf_crassirostris",74804
"Gulf",-95.182681,18.4590689,"rufivirgatus","ruf_crassirostris",74837
"Gulf",-94.4219389,17.3852114,"rufivirgatus","ruf_crassirostris",75598
"Gulf",-95.136645,18.5277621,"rufivirgatus","ruf_crassirostris",76430
"Gulf",-96.820827,19.448501,"rufivirgatus","ruf_crassirostris",8904
"Gulf",-96.79873,19.45735,"rufivirgatus","ruf_crassirostris",9021
"Gulf",-94.98094,18.39295,"rufivirgatus","ruf_crassirostris",77652
"Gulf",-96.7372048,18.8726054,"rufivirgatus","ruf_crassirostris",82820
"Gulf",-95.8659267,18.7515289,"rufivirgatus","ruf_crassirostris",96850
"Gulf",-96.8764114,18.9169396,"rufivirgatus","ruf_crassirostris",97935
"Gulf",-96.8801236,18.9093315,"rufivirgatus","ruf_crassirostris",101207
"Gulf",-96.8360571,19.4780288,"rufivirgatus","ruf_crassirostris",102686
"Gulf",-94.8362485,18.1600758,"rufivirgatus","ruf_crassirostris",103613
"Gulf",-96.219684,17.86016,"rufivirgatus","ruf_crassirostris",106915
"Gulf",-94.765931,17.123674,"rufivirgatus","ruf_crassirostris",107634
"Gulf",-96.742698,19.538619,"rufivirgatus","ruf_crassirostris",108339
"Gulf",-96.3868332,19.5766118,"rufivirgatus","ruf_crassirostris",114861
"Gulf",-95.12758,18.54533,"rufivirgatus","ruf_crassirostris",115920
"Gulf",-95.1701048,18.4898173,"rufivirgatus","ruf_crassirostris",117003
"Gulf",-96.33057,17.7290815,"rufivirgatus","ruf_crassirostris",119721
"Gulf",-96.2904529,17.8130301,"rufivirgatus","ruf_crassirostris",120964
"Gulf",-95.2557227,18.5920356,"rufivirgatus","ruf_crassirostris",122117
"Gulf",-96.2368904,17.861922,"rufivirgatus","ruf_crassirostris",123881
"Gulf",-96.707083,19.3761275,"rufivirgatus","ruf_crassirostris",126443
"Gulf",-96.7595382,19.3263279,"rufivirgatus","ruf_crassirostris",131039
"Gulf",-94.769159,17.226459,"rufivirgatus","ruf_crassirostris",134161
"Gulf",-96.733735,19.347812,"rufivirgatus","ruf_crassirostris",134909
"Gulf",-96.301081,17.793878,"rufivirgatus","ruf_crassirostris",136364
"Gulf",-96.5652899,19.3959594,"rufivirgatus","ruf_crassirostris",160899
"Gulf",-96.5510242,19.20609,"rufivirgatus","ruf_crassirostris",162229
"Gulf",-95.1801887,18.3636904,"rufivirgatus","ruf_crassirostris",165020
"Gulf",-96.9365667,19.4288041,"rufivirgatus","ruf_crassirostris",172948
"Gulf",-96.0014983,17.8923663,"rufivirgatus","ruf_crassirostris",173693
"Gulf",-96.9584588,19.5053044,"rufivirgatus","ruf_crassirostris",136029
"Gulf",-96.4634017,19.3454767,"rufivirgatus","ruf_crassirostris",141588
"Gulf",-98.22166667,20.44666667,"rufivirgatus","ruf_ridgwayi",494
"Gulf",-99.150389,23.049889,"rufivirgatus","ruf_ridgwayi",7334
"Gulf",-99.325623,22.504732,"rufivirgatus","ruf_ridgwayi",8686
"Gulf",-99.1,23,"rufivirgatus","ruf_ridgwayi",8687
"Gulf",-98.4,23.660278,"rufivirgatus","ruf_ridgwayi",7212
"Gulf",-98.98022222,21.21405556,"rufivirgatus","ruf_ridgwayi",1100
"Gulf",-99.470722,21.649528,"rufivirgatus","ruf_ridgwayi",7733
"Gulf",-96.769317,19.935922,"rufivirgatus","ruf_ridgwayi",7786
"Gulf",-96.864872,19.896305,"rufivirgatus","ruf_ridgwayi",7782
"Gulf",-98.9319404,23.9339051,"rufivirgatus","ruf_ridgwayi",50387
"Gulf",-99.0915194,23.0312556,"rufivirgatus","ruf_ridgwayi",48944
"Gulf",-99.3838584,22.5863686,"rufivirgatus","ruf_ridgwayi",49274
"Gulf",-99.0184879,21.9767575,"rufivirgatus","ruf_ridgwayi",50631
"Gulf",-98.8201332,23.419445,"rufivirgatus","ruf_ridgwayi",50381
"Gulf",-99.2805719,22.4681292,"rufivirgatus","ruf_ridgwayi",50760
"Gulf",-99.1427332,23.1122103,"rufivirgatus","ruf_ridgwayi",49536
"Gulf",-99.4206047,22.4930502,"rufivirgatus","ruf_ridgwayi",51220
"Gulf",-98.9293999,22.7436478,"rufivirgatus","ruf_ridgwayi",50555
"Gulf",-98.5995483,23.5816088,"rufivirgatus","ruf_ridgwayi",52190
"Gulf",-99.1935396,23.6916909,"rufivirgatus","ruf_ridgwayi",48091
"Gulf",-99.1686916,23.0545804,"rufivirgatus","ruf_ridgwayi",50969
"Gulf",-99.4527054,22.4976496,"rufivirgatus","ruf_ridgwayi",50964
"Gulf",-99.1964793,23.0610167,"rufivirgatus","ruf_ridgwayi",49151
"Gulf",-99.1978182,23.6548443,"rufivirgatus","ruf_ridgwayi",49997
"Gulf",-99.123457,23.063092,"rufivirgatus","ruf_ridgwayi",50638
"Gulf",-98.045188,22.914689,"rufivirgatus","ruf_ridgwayi",51742
"Gulf",-99.4082,22.0139067,"rufivirgatus","ruf_ridgwayi",52322
"Gulf",-99.4161361,22.4796824,"rufivirgatus","ruf_ridgwayi",52742
"Gulf",-99.4798436,22.473435,"rufivirgatus","ruf_ridgwayi",52849
"Gulf",-97.819519,21.5265011,"rufivirgatus","ruf_ridgwayi",53403
"Gulf",-97.4431,21.0631167,"rufivirgatus","ruf_ridgwayi",53478
"Gulf",-99.607648,22.4006863,"rufivirgatus","ruf_ridgwayi",53922
"Gulf",-98.999029,23.320607,"rufivirgatus","ruf_ridgwayi",55181
"Gulf",-98.9868164,22.7480055,"rufivirgatus","ruf_ridgwayi",55295
"Gulf",-99.33583,22.84444,"rufivirgatus","ruf_ridgwayi",55615
"Gulf",-99.1991401,23.7810643,"rufivirgatus","ruf_ridgwayi",56452
"Gulf",-99.1210985,24.0624921,"rufivirgatus","ruf_ridgwayi",57771
"Gulf",-99.2978668,23.0203401,"rufivirgatus","ruf_ridgwayi",58197
"Gulf",-99.254957,23.0467283,"rufivirgatus","ruf_ridgwayi",58440
"Gulf",-97.2216225,20.3568589,"rufivirgatus","ruf_ridgwayi",59015
"Gulf",-98.2491529,22.863749,"rufivirgatus","ruf_ridgwayi",59238
"Gulf",-99.371075,22.5167394,"rufivirgatus","ruf_ridgwayi",59494
"Gulf",-97.5256348,20.0191616,"rufivirgatus","ruf_ridgwayi",59563
"Gulf",-99.3661451,22.495905,"rufivirgatus","ruf_ridgwayi",59746
"Gulf",-99.0558028,23.9664896,"rufivirgatus","ruf_ridgwayi",59803
"Gulf",-99.512774,22.930988,"rufivirgatus","ruf_ridgwayi",59852
"Gulf",-99.2015,23.697,"rufivirgatus","ruf_ridgwayi",60499
"Gulf",-98.5667574,21.0475751,"rufivirgatus","ruf_ridgwayi",62935
"Gulf",-97.3471606,20.458769,"rufivirgatus","ruf_ridgwayi",64003
"Gulf",-98.9562044,21.4451268,"rufivirgatus","ruf_ridgwayi",73258
"Gulf",-98.8686054,21.1566542,"rufivirgatus","ruf_ridgwayi",73556
"Gulf",-98.957778,22.090833,"rufivirgatus","ruf_ridgwayi",7347
"Gulf",-99.055555,22.218611,"rufivirgatus","ruf_ridgwayi",7360
"Gulf",-98.931667,22.231944,"rufivirgatus","ruf_ridgwayi",7367
"Gulf",-98.941111,22.227778,"rufivirgatus","ruf_ridgwayi",7408
"Gulf",-98.944722,22.185278,"rufivirgatus","ruf_ridgwayi",7356
"Gulf",-98.968055,22.279444,"rufivirgatus","ruf_ridgwayi",7394
"Gulf",-99.217201,22.5364727,"rufivirgatus","ruf_ridgwayi",86674
"Gulf",-98.8738558,23.3244513,"rufivirgatus","ruf_ridgwayi",87107
"Gulf",-99.0953493,22.9896863,"rufivirgatus","ruf_ridgwayi",89806
"Gulf",-99.39167,21.92028,"rufivirgatus","ruf_ridgwayi",91360
"Gulf",-99.0979671,21.2415424,"rufivirgatus","ruf_ridgwayi",92775
"Gulf",-99.2082328,23.0578282,"rufivirgatus","ruf_ridgwayi",93173
"Gulf",-99.1650324,23.7468629,"rufivirgatus","ruf_ridgwayi",99276
"Gulf",-99.1530787,23.7229419,"rufivirgatus","ruf_ridgwayi",99841
"Gulf",-99.1394234,22.0980067,"rufivirgatus","ruf_ridgwayi",102565
"Gulf",-99.1086,23.6477,"rufivirgatus","ruf_ridgwayi",103662
"Gulf",-99.180074,21.469472,"rufivirgatus","ruf_ridgwayi",106735
"Gulf",-99.171185,21.524075,"rufivirgatus","ruf_ridgwayi",107833
"Gulf",-98.878026,23.4422227,"rufivirgatus","ruf_ridgwayi",108774
"Gulf",-99.3985363,21.9291966,"rufivirgatus","ruf_ridgwayi",111441
"Gulf",-97.7823865,23.3505893,"rufivirgatus","ruf_ridgwayi",111770
"Gulf",-99.3806535,21.8781635,"rufivirgatus","ruf_ridgwayi",117340
"Gulf",-98.8940444,22.1643111,"rufivirgatus","ruf_ridgwayi",118140
"Gulf",-98.507984,23.809435,"rufivirgatus","ruf_ridgwayi",119818
"Gulf",-97.725668,21.0078246,"rufivirgatus","ruf_ridgwayi",121908
"Gulf",-99.100697,23.016254,"rufivirgatus","ruf_ridgwayi",122858
"Gulf",-99.1731318,23.8452158,"rufivirgatus","ruf_ridgwayi",124302
"Gulf",-98.460314,21.9923312,"rufivirgatus","ruf_ridgwayi",130357
"Gulf",-98.5992937,21.0439004,"rufivirgatus","ruf_ridgwayi",135274
"Gulf",-98.9767191,23.4839635,"rufivirgatus","ruf_ridgwayi",136221
"Gulf",-98.8001952,22.0390569,"rufivirgatus","ruf_ridgwayi",139293
"Gulf",-99.1869413,23.7933157,"rufivirgatus","ruf_ridgwayi",140245
"Gulf",-99.2251568,23.5885025,"rufivirgatus","ruf_ridgwayi",141921
"Gulf",-97.2649972,20.6152007,"rufivirgatus","ruf_ridgwayi",145425
"Gulf",-98.9584494,23.408515,"rufivirgatus","ruf_ridgwayi",145529
"Gulf",-98.1038926,22.4958742,"rufivirgatus","ruf_ridgwayi",147307
"Gulf",-99.4195089,21.8704816,"rufivirgatus","ruf_ridgwayi",149963
"Gulf",-98.4926646,23.8996423,"rufivirgatus","ruf_ridgwayi",154076
"Gulf",-98.9783825,23.3918222,"rufivirgatus","ruf_ridgwayi",155529
"Gulf",-99.055628,22.169645,"rufivirgatus","ruf_ridgwayi",155758
"Gulf",-97.3533222,20.9708635,"rufivirgatus","ruf_ridgwayi",160660
"Gulf",-98.9744672,21.4789912,"rufivirgatus","ruf_ridgwayi",160768
"Gulf",-98.8985746,23.7848739,"rufivirgatus","ruf_ridgwayi",160880
"Gulf",-97.62685,20.11907,"rufivirgatus","ruf_ridgwayi",78088
"Gulf",-99.2168856,23.0608588,"rufivirgatus","ruf_ridgwayi",98613
"Gulf",-98.214165,20.343944,"rufivirgatus","ruf_ridgwayi",99679
"Gulf",-97.0669389,20.0614679,"rufivirgatus","ruf_ridgwayi",101872
"Gulf",-97.512166,20.008763,"rufivirgatus","ruf_ridgwayi",106545
"Gulf",-99.2401,23.617,"rufivirgatus","ruf_ridgwayi",144899
"Gulf",-98.9753597,21.3407611,"rufivirgatus","ruf_ridgwayi",149213
"Gulf",-99.0526696,21.3428649,"rufivirgatus","ruf_ridgwayi",149716
"Gulf",-97.55065,20.0297192,"rufivirgatus","ruf_ridgwayi",160414
"Gulf",-99.2286551,23.057305,"rufivirgatus","ruf_ridgwayi",165220
"Gulf",-99.2426,23.6288,"rufivirgatus","ruf_ridgwayi",171942
"Gulf",-99.254927,26.906939,"rufivirgatus","ruf_rufivirgatus",7274
"Gulf",-100.89639,29.317418,"rufivirgatus","ruf_rufivirgatus",7277
"Gulf",-100.0883333,25.54166667,"rufivirgatus","ruf_rufivirgatus",365
"Gulf",-99.260635,26.878649,"rufivirgatus","ruf_rufivirgatus",2910
"Gulf",-100.885635,29.37047,"rufivirgatus","ruf_rufivirgatus",8381
"Gulf",-99.163603,26.55775,"rufivirgatus","ruf_rufivirgatus",8601
"Gulf",-99.8852,27.8777,"rufivirgatus","ruf_rufivirgatus",2647
"Gulf",-99.7862,29.2097,"rufivirgatus","ruf_rufivirgatus",3265
"Gulf",-97.360962,26.22732,"rufivirgatus","ruf_rufivirgatus",5160
"Gulf",-97.5944,27.83892,"rufivirgatus","ruf_rufivirgatus",8211
"Gulf",-99.11221,26.51644,"rufivirgatus","ruf_rufivirgatus",1281
"Gulf",-97.497459,25.90176,"rufivirgatus","ruf_rufivirgatus",8193
"Gulf",-100.341111,25.606111,"rufivirgatus","ruf_rufivirgatus",8282
"Gulf",-97.86379,27.513073,"rufivirgatus","ruf_rufivirgatus",8363
"Gulf",-99.12311,26.55893,"rufivirgatus","ruf_rufivirgatus",1765
"Gulf",-99.2702,26.9016,"rufivirgatus","ruf_rufivirgatus",8505
"Gulf",-97.348137,26.227604,"rufivirgatus","ruf_rufivirgatus",3855
"Gulf",-97.3939785,25.9380025,"rufivirgatus","ruf_rufivirgatus",48939
"Gulf",-100.4185581,29.3048877,"rufivirgatus","ruf_rufivirgatus",51354
"Gulf",-99.9481201,29.0141453,"rufivirgatus","ruf_rufivirgatus",48514
"Gulf",-99.1414618,26.5549779,"rufivirgatus","ruf_rufivirgatus",49406
"Gulf",-99.0910149,26.476905,"rufivirgatus","ruf_rufivirgatus",49597
"Gulf",-99.1266559,26.5304031,"rufivirgatus","ruf_rufivirgatus",51849
"Gulf",-97.7751016,26.7868236,"rufivirgatus","ruf_rufivirgatus",48351
"Gulf",-97.8960804,27.5210026,"rufivirgatus","ruf_rufivirgatus",49706
"Gulf",-100.9042858,29.3618241,"rufivirgatus","ruf_rufivirgatus",50767
"Gulf",-97.4116516,25.8650161,"rufivirgatus","ruf_rufivirgatus",51661
"Gulf",-97.1748233,26.1400912,"rufivirgatus","ruf_rufivirgatus",48646
"Gulf",-97.81497,27.29862,"rufivirgatus","ruf_rufivirgatus",50435
"Gulf",-99.092474,26.4860407,"rufivirgatus","ruf_rufivirgatus",51103
"Gulf",-97.8555253,27.4774824,"rufivirgatus","ruf_rufivirgatus",48294
"Gulf",-98.3394384,28.4717282,"rufivirgatus","ruf_rufivirgatus",49071
"Gulf",-98.3856583,28.5233043,"rufivirgatus","ruf_rufivirgatus",50635
"Gulf",-97.3830271,26.2579354,"rufivirgatus","ruf_rufivirgatus",48656
"Gulf",-100.2580226,25.5655468,"rufivirgatus","ruf_rufivirgatus",49963
"Gulf",-97.5767899,26.4893186,"rufivirgatus","ruf_rufivirgatus",50046
"Gulf",-97.8747408,28.0622375,"rufivirgatus","ruf_rufivirgatus",51713
"Gulf",-99.90146,26.11148,"rufivirgatus","ruf_rufivirgatus",49252
"Gulf",-98.2849106,27.6420142,"rufivirgatus","ruf_rufivirgatus",49894
"Gulf",-97.3515701,26.1917444,"rufivirgatus","ruf_rufivirgatus",51356
"Gulf",-97.7433014,27.3351751,"rufivirgatus","ruf_rufivirgatus",50490
"Gulf",-98.1266547,26.068235,"rufivirgatus","ruf_rufivirgatus",50839
"Gulf",-97.6153225,26.7196717,"rufivirgatus","ruf_rufivirgatus",52032
"Gulf",-97.3296319,27.6499912,"rufivirgatus","ruf_rufivirgatus",48534
"Gulf",-97.3864619,26.271678,"rufivirgatus","ruf_rufivirgatus",48584
"Gulf",-97.3138046,26.1945686,"rufivirgatus","ruf_rufivirgatus",50693
"Gulf",-97.7009332,28.4817184,"rufivirgatus","ruf_rufivirgatus",52281
"Gulf",-99.7294047,29.5621367,"rufivirgatus","ruf_rufivirgatus",48304
"Gulf",-99.1118288,26.5511421,"rufivirgatus","ruf_rufivirgatus",48523
"Gulf",-97.7426147,26.8020093,"rufivirgatus","ruf_rufivirgatus",48731
"Gulf",-97.2233391,28.0801592,"rufivirgatus","ruf_rufivirgatus",51466
"Gulf",-99.4801068,29.3412636,"rufivirgatus","ruf_rufivirgatus",48434
"Gulf",-97.4054208,27.7927022,"rufivirgatus","ruf_rufivirgatus",48573
"Gulf",-99.4412898,27.5338322,"rufivirgatus","ruf_rufivirgatus",49019
"Gulf",-97.7792477,27.1409196,"rufivirgatus","ruf_rufivirgatus",49382
"Gulf",-98.409133,26.2243892,"rufivirgatus","ruf_rufivirgatus",49535
"Gulf",-97.7609582,27.1590663,"rufivirgatus","ruf_rufivirgatus",50369
"Gulf",-97.9607974,26.1194771,"rufivirgatus","ruf_rufivirgatus",50817
"Gulf",-98.1917667,27.5962669,"rufivirgatus","ruf_rufivirgatus",51286
"Gulf",-100.3116131,28.497085,"rufivirgatus","ruf_rufivirgatus",51869
"Gulf",-100.4112351,29.6408069,"rufivirgatus","ruf_rufivirgatus",51988
"Gulf",-97.3917389,26.2207511,"rufivirgatus","ruf_rufivirgatus",52349
"Gulf",-97.2647249,26.0221977,"rufivirgatus","ruf_rufivirgatus",52382
"Gulf",-97.701416,26.1505072,"rufivirgatus","ruf_rufivirgatus",52397
"Gulf",-98.1277054,26.0771557,"rufivirgatus","ruf_rufivirgatus",52435
"Gulf",-99.5343089,29.623161,"rufivirgatus","ruf_rufivirgatus",52762
"Gulf",-98.3760946,26.2429663,"rufivirgatus","ruf_rufivirgatus",52990
"Gulf",-97.5286603,28.8680526,"rufivirgatus","ruf_rufivirgatus",53123
"Gulf",-97.8002501,28.413012,"rufivirgatus","ruf_rufivirgatus",53171
"Gulf",-98.1698746,26.0826947,"rufivirgatus","ruf_rufivirgatus",53178
"Gulf",-99.9979932,26.1979354,"rufivirgatus","ruf_rufivirgatus",53283
"Gulf",-98.2309932,26.176876,"rufivirgatus","ruf_rufivirgatus",53508
"Gulf",-101.4093447,27.9670574,"rufivirgatus","ruf_rufivirgatus",53527
"Gulf",-97.949812,23.790454,"rufivirgatus","ruf_rufivirgatus",53745
"Gulf",-100.838005,29.351362,"rufivirgatus","ruf_rufivirgatus",53784
"Gulf",-99.1663777,26.5410312,"rufivirgatus","ruf_rufivirgatus",53804
"Gulf",-99.0189583,26.4052015,"rufivirgatus","ruf_rufivirgatus",53841
"Gulf",-99.8347704,28.6046954,"rufivirgatus","ruf_rufivirgatus",53880
"Gulf",-100.4371684,29.6101601,"rufivirgatus","ruf_rufivirgatus",53915
"Gulf",-100.8747482,29.3692356,"rufivirgatus","ruf_rufivirgatus",53951
"Gulf",-97.3971033,25.8647355,"rufivirgatus","ruf_rufivirgatus",53975
"Gulf",-100.3330629,26.6484104,"rufivirgatus","ruf_rufivirgatus",54030
"Gulf",-100.935452,29.350029,"rufivirgatus","ruf_rufivirgatus",54052
"Gulf",-97.4550178,26.3255812,"rufivirgatus","ruf_rufivirgatus",54250
"Gulf",-99.1834867,28.913667,"rufivirgatus","ruf_rufivirgatus",54288
"Gulf",-100.8589554,29.3561448,"rufivirgatus","ruf_rufivirgatus",54414
"Gulf",-100.3235757,29.2806906,"rufivirgatus","ruf_rufivirgatus",54716
"Gulf",-98.1518142,26.1043451,"rufivirgatus","ruf_rufivirgatus",54798
"Gulf",-101.044693,29.5768833,"rufivirgatus","ruf_rufivirgatus",54892
"Gulf",-98.350811,26.1683803,"rufivirgatus","ruf_rufivirgatus",55025
"Gulf",-97.5775409,26.0836708,"rufivirgatus","ruf_rufivirgatus",55071
"Gulf",-98.4079313,28.4793571,"rufivirgatus","ruf_rufivirgatus",55211
"Gulf",-99.4944084,27.4994356,"rufivirgatus","ruf_rufivirgatus",55225
"Gulf",-98.140794,26.9434385,"rufivirgatus","ruf_rufivirgatus",55377
"Gulf",-100.7526541,29.2562257,"rufivirgatus","ruf_rufivirgatus",55623
"Gulf",-97.8555927,27.4910052,"rufivirgatus","ruf_rufivirgatus",55671
"Gulf",-98.0653381,26.1874829,"rufivirgatus","ruf_rufivirgatus",55757
"Gulf",-97.6344115,26.6785185,"rufivirgatus","ruf_rufivirgatus",55836
"Gulf",-97.9801941,26.1474254,"rufivirgatus","ruf_rufivirgatus",55876
"Gulf",-99.1478348,28.9057033,"rufivirgatus","ruf_rufivirgatus",55958
"Gulf",-98.424953,27.864459,"rufivirgatus","ruf_rufivirgatus",56282
"Gulf",-98.5621262,26.7257307,"rufivirgatus","ruf_rufivirgatus",56369
"Gulf",-98.3664322,26.1718467,"rufivirgatus","ruf_rufivirgatus",56712
"Gulf",-99.7939682,28.2423962,"rufivirgatus","ruf_rufivirgatus",56827
"Gulf",-99.4905548,27.5118389,"rufivirgatus","ruf_rufivirgatus",57003
"Gulf",-98.7035751,27.5740255,"rufivirgatus","ruf_rufivirgatus",57018
"Gulf",-97.4760246,25.9405254,"rufivirgatus","ruf_rufivirgatus",57102
"Gulf",-97.9788637,26.1781631,"rufivirgatus","ruf_rufivirgatus",57128
"Gulf",-97.6622772,26.1961089,"rufivirgatus","ruf_rufivirgatus",57187
"Gulf",-97.3344678,26.1728626,"rufivirgatus","ruf_rufivirgatus",57245
"Gulf",-97.4161137,26.2204867,"rufivirgatus","ruf_rufivirgatus",57376
"Gulf",-99.1819096,29.6277682,"rufivirgatus","ruf_rufivirgatus",57764
"Gulf",-97.8532505,27.558656,"rufivirgatus","ruf_rufivirgatus",58015
"Gulf",-99.507122,27.565504,"rufivirgatus","ruf_rufivirgatus",58226
"Gulf",-97.9444024,28.2385572,"rufivirgatus","ruf_rufivirgatus",58264
"Gulf",-98.5846275,26.7395566,"rufivirgatus","ruf_rufivirgatus",58322
"Gulf",-98.2521486,26.405785,"rufivirgatus","ruf_rufivirgatus",58379
"Gulf",-99.0040308,28.4879554,"rufivirgatus","ruf_rufivirgatus",58439
"Gulf",-97.7728271,26.0870048,"rufivirgatus","ruf_rufivirgatus",58467
"Gulf",-97.3952261,26.2969571,"rufivirgatus","ruf_rufivirgatus",58524
"Gulf",-98.5144583,27.6611952,"rufivirgatus","ruf_rufivirgatus",58829
"Gulf",-97.4286461,26.2552286,"rufivirgatus","ruf_rufivirgatus",58902
"Gulf",-98.6283583,26.7962067,"rufivirgatus","ruf_rufivirgatus",58918
"Gulf",-98.3422279,26.1760833,"rufivirgatus","ruf_rufivirgatus",59127
"Gulf",-97.78936,26.08675,"rufivirgatus","ruf_rufivirgatus",59188
"Gulf",-98.0723763,26.3396145,"rufivirgatus","ruf_rufivirgatus",59274
"Gulf",-99.4774783,27.4768284,"rufivirgatus","ruf_rufivirgatus",59562
"Gulf",-97.7263333,28.4109917,"rufivirgatus","ruf_rufivirgatus",59671
"Gulf",-97.7916318,26.9251394,"rufivirgatus","ruf_rufivirgatus",59696
"Gulf",-99.524794,27.62717,"rufivirgatus","ruf_rufivirgatus",59806
"Gulf",-97.862802,26.451578,"rufivirgatus","ruf_rufivirgatus",59922
"Gulf",-97.6533079,27.2207464,"rufivirgatus","ruf_rufivirgatus",60057
"Gulf",-98.1765747,27.6713665,"rufivirgatus","ruf_rufivirgatus",60132
"Gulf",-99.7210121,29.5133455,"rufivirgatus","ruf_rufivirgatus",60212
"Gulf",-97.2986984,25.9603598,"rufivirgatus","ruf_rufivirgatus",60326
"Gulf",-98.678009,27.3100604,"rufivirgatus","ruf_rufivirgatus",60341
"Gulf",-98.2427502,28.6493944,"rufivirgatus","ruf_rufivirgatus",60424
"Gulf",-100.0165272,29.685182,"rufivirgatus","ruf_rufivirgatus",60483
"Gulf",-99.8348908,28.5032916,"rufivirgatus","ruf_rufivirgatus",60810
"Gulf",-99.8796272,29.1909075,"rufivirgatus","ruf_rufivirgatus",60912
"Gulf",-100.491241,29.327982,"rufivirgatus","ruf_rufivirgatus",60936
"Gulf",-96.8483,28.4387,"rufivirgatus","ruf_rufivirgatus",61090
"Gulf",-97.8675842,26.0703529,"rufivirgatus","ruf_rufivirgatus",61409
"Gulf",-100.0310326,29.1825899,"rufivirgatus","ruf_rufivirgatus",61615
"Gulf",-97.5362778,25.9494011,"rufivirgatus","ruf_rufivirgatus",61680
"Gulf",-100.3989029,29.8135402,"rufivirgatus","ruf_rufivirgatus",61846
"Gulf",-98.01748,28.98275,"rufivirgatus","ruf_rufivirgatus",61943
"Gulf",-97.4468422,25.8142763,"rufivirgatus","ruf_rufivirgatus",62107
"Gulf",-97.7045059,26.1647982,"rufivirgatus","ruf_rufivirgatus",62149
"Gulf",-100.0638199,28.4043868,"rufivirgatus","ruf_rufivirgatus",62287
"Gulf",-98.5340595,26.2889518,"rufivirgatus","ruf_rufivirgatus",62451
"Gulf",-98.5296392,28.3970444,"rufivirgatus","ruf_rufivirgatus",62574
"Gulf",-97.975791,26.5105036,"rufivirgatus","ruf_rufivirgatus",62724
"Gulf",-98.5555309,26.6819618,"rufivirgatus","ruf_rufivirgatus",62872
"Gulf",-97.382984,25.930514,"rufivirgatus","ruf_rufivirgatus",62873
"Gulf",-98.3378935,26.1922196,"rufivirgatus","ruf_rufivirgatus",62946
"Gulf",-97.9532511,26.1256099,"rufivirgatus","ruf_rufivirgatus",63022
"Gulf",-99.46642,29.31744,"rufivirgatus","ruf_rufivirgatus",63067
"Gulf",-97.7893066,28.5459257,"rufivirgatus","ruf_rufivirgatus",63080
"Gulf",-100.2845764,29.2660349,"rufivirgatus","ruf_rufivirgatus",63090
"Gulf",-97.3587799,25.9370521,"rufivirgatus","ruf_rufivirgatus",63169
"Gulf",-98.3585358,26.2687883,"rufivirgatus","ruf_rufivirgatus",63267
"Gulf",-99.8881674,30.397679,"rufivirgatus","ruf_rufivirgatus",63271
"Gulf",-98.7622833,26.4414498,"rufivirgatus","ruf_rufivirgatus",63396
"Gulf",-98.1762528,28.0535187,"rufivirgatus","ruf_rufivirgatus",63712
"Gulf",-97.7206421,26.7161738,"rufivirgatus","ruf_rufivirgatus",63868
"Gulf",-100.1187193,28.6306562,"rufivirgatus","ruf_rufivirgatus",64132
"Gulf",-98.1899643,28.0406221,"rufivirgatus","ruf_rufivirgatus",64134
"Gulf",-98.4153557,26.1853263,"rufivirgatus","ruf_rufivirgatus",64172
"Gulf",-99.7719955,30.4889916,"rufivirgatus","ruf_rufivirgatus",64250
"Gulf",-97.9966736,29.0481414,"rufivirgatus","ruf_rufivirgatus",64328
"Gulf",-98.2351971,26.1927972,"rufivirgatus","ruf_rufivirgatus",64454
"Gulf",-99.9944444,29.3736111,"rufivirgatus","ruf_rufivirgatus",64455
"Gulf",-98.1418762,27.2280123,"rufivirgatus","ruf_rufivirgatus",64501
"Gulf",-97.9649162,26.0703529,"rufivirgatus","ruf_rufivirgatus",64598
"Gulf",-97.7392673,26.5460746,"rufivirgatus","ruf_rufivirgatus",64613
"Gulf",-97.63031,26.14348,"rufivirgatus","ruf_rufivirgatus",64673
"Gulf",-99.1100556,28.5513056,"rufivirgatus","ruf_rufivirgatus",64717
"Gulf",-98.8569546,28.980213,"rufivirgatus","ruf_rufivirgatus",64763
"Gulf",-99.1194167,28.5560278,"rufivirgatus","ruf_rufivirgatus",64870
"Gulf",-99.1750278,28.56725,"rufivirgatus","ruf_rufivirgatus",65244
"Gulf",-98.2620621,26.9175904,"rufivirgatus","ruf_rufivirgatus",65335
"Gulf",-99.6568337,29.4603952,"rufivirgatus","ruf_rufivirgatus",65386
"Gulf",-97.8111935,26.0675773,"rufivirgatus","ruf_rufivirgatus",65421
"Gulf",-97.7854671,27.0385918,"rufivirgatus","ruf_rufivirgatus",65504
"Gulf",-98.469802,26.3384607,"rufivirgatus","ruf_rufivirgatus",65519
"Gulf",-98.4706689,26.2379915,"rufivirgatus","ruf_rufivirgatus",65536
"Gulf",-99.4242096,27.2054804,"rufivirgatus","ruf_rufivirgatus",65540
"Gulf",-99.6788807,29.4733132,"rufivirgatus","ruf_rufivirgatus",65541
"Gulf",-101.0200569,29.5493816,"rufivirgatus","ruf_rufivirgatus",65724
"Gulf",-98.0511761,26.485708,"rufivirgatus","ruf_rufivirgatus",65945
"Gulf",-99.0954722,28.5441111,"rufivirgatus","ruf_rufivirgatus",66051
"Gulf",-98.2390594,26.1696128,"rufivirgatus","ruf_rufivirgatus",66101
"Gulf",-99.7824068,29.2672329,"rufivirgatus","ruf_rufivirgatus",66102
"Gulf",-100.4197755,29.295101,"rufivirgatus","ruf_rufivirgatus",66156
"Gulf",-99.5322382,29.6143005,"rufivirgatus","ruf_rufivirgatus",66295
"Gulf",-98.4299469,27.7877577,"rufivirgatus","ruf_rufivirgatus",66460
"Gulf",-99.7829567,29.2793113,"rufivirgatus","ruf_rufivirgatus",66626
"Gulf",-101.1494493,29.9662647,"rufivirgatus","ruf_rufivirgatus",66884
"Gulf",-98.182569,26.184073,"rufivirgatus","ruf_rufivirgatus",67104
"Gulf",-99.3405247,29.3056362,"rufivirgatus","ruf_rufivirgatus",67262
"Gulf",-99.9402237,29.3302576,"rufivirgatus","ruf_rufivirgatus",67886
"Gulf",-98.9627458,27.2839685,"rufivirgatus","ruf_rufivirgatus",67960
"Gulf",-97.9643664,26.1540255,"rufivirgatus","ruf_rufivirgatus",67982
"Gulf",-97.5652088,26.3902739,"rufivirgatus","ruf_rufivirgatus",68002
"Gulf",-98.2229773,26.9207075,"rufivirgatus","ruf_rufivirgatus",68004
"Gulf",-98.1579924,26.4009081,"rufivirgatus","ruf_rufivirgatus",68040
"Gulf",-98.253346,26.0937505,"rufivirgatus","ruf_rufivirgatus",68173
"Gulf",-100.2162,25.6014,"rufivirgatus","ruf_rufivirgatus",68183
"Gulf",-97.504069,26.492755,"rufivirgatus","ruf_rufivirgatus",68779
"Gulf",-98.0488586,26.5369371,"rufivirgatus","ruf_rufivirgatus",68805
"Gulf",-98.8616213,28.9294245,"rufivirgatus","ruf_rufivirgatus",68807
"Gulf",-101.0198,29.71446,"rufivirgatus","ruf_rufivirgatus",68903
"Gulf",-97.7669182,27.2216938,"rufivirgatus","ruf_rufivirgatus",68904
"Gulf",-99.5640807,29.6520117,"rufivirgatus","ruf_rufivirgatus",69109
"Gulf",-97.8895569,26.4127805,"rufivirgatus","ruf_rufivirgatus",69277
"Gulf",-99.44081,27.211998,"rufivirgatus","ruf_rufivirgatus",69846
"Gulf",-99.793712,29.232995,"rufivirgatus","ruf_rufivirgatus",70041
"Gulf",-99.896198,26.1013341,"rufivirgatus","ruf_rufivirgatus",70167
"Gulf",-99.8044295,30.4446572,"rufivirgatus","ruf_rufivirgatus",70442
"Gulf",-99.1084385,28.8739528,"rufivirgatus","ruf_rufivirgatus",70571
"Gulf",-98.3559485,28.4600882,"rufivirgatus","ruf_rufivirgatus",70595
"Gulf",-97.8765063,26.0720883,"rufivirgatus","ruf_rufivirgatus",70603
"Gulf",-100.9863281,29.6964036,"rufivirgatus","ruf_rufivirgatus",70767
"Gulf",-97.3102347,26.1080924,"rufivirgatus","ruf_rufivirgatus",71047
"Gulf",-100.1935101,25.5892074,"rufivirgatus","ruf_rufivirgatus",71311
"Gulf",-100.3779442,25.6794188,"rufivirgatus","ruf_rufivirgatus",71484
"Gulf",-100.1807106,29.4338325,"rufivirgatus","ruf_rufivirgatus",71795
"Gulf",-97.7689033,28.4028736,"rufivirgatus","ruf_rufivirgatus",71901
"Gulf",-101.1954117,30.0117334,"rufivirgatus","ruf_rufivirgatus",72033
"Gulf",-99.4790071,29.3248651,"rufivirgatus","ruf_rufivirgatus",72054
"Gulf",-98.7732697,27.1398126,"rufivirgatus","ruf_rufivirgatus",72148
"Gulf",-99.7816086,28.649432,"rufivirgatus","ruf_rufivirgatus",72179
"Gulf",-98.7553096,29.5370728,"rufivirgatus","ruf_rufivirgatus",72258
"Gulf",-97.9827238,27.2803411,"rufivirgatus","ruf_rufivirgatus",72751
"Gulf",-99.524256,27.5200324,"rufivirgatus","ruf_rufivirgatus",72753
"Gulf",-98.0483709,26.5026502,"rufivirgatus","ruf_rufivirgatus",73032
"Gulf",-96.818819,28.2403924,"rufivirgatus","ruf_rufivirgatus",73133
"Gulf",-99.378094,29.342944,"rufivirgatus","ruf_rufivirgatus",73180
"Gulf",-99.508765,29.515478,"rufivirgatus","ruf_rufivirgatus",73344
"Gulf",-97.0544662,28.0205994,"rufivirgatus","ruf_rufivirgatus",73416
"Gulf",-98.2168293,26.0819024,"rufivirgatus","ruf_rufivirgatus",73429
"Gulf",-99.23755,28.56754,"rufivirgatus","ruf_rufivirgatus",73431
"Gulf",-97.758353,26.215353,"rufivirgatus","ruf_rufivirgatus",73505
"Gulf",-98.530798,27.4137572,"rufivirgatus","ruf_rufivirgatus",73667
"Gulf",-99.07572,28.53498,"rufivirgatus","ruf_rufivirgatus",73836
"Gulf",-98.0665505,26.4003748,"rufivirgatus","ruf_rufivirgatus",74216
"Gulf",-97.5884628,26.1824765,"rufivirgatus","ruf_rufivirgatus",74628
"Gulf",-99.6958971,24.7770027,"rufivirgatus","ruf_rufivirgatus",74908
"Gulf",-97.87138,26.52395,"rufivirgatus","ruf_rufivirgatus",74913
"Gulf",-100.4273987,29.6116701,"rufivirgatus","ruf_rufivirgatus",74926
"Gulf",-100.5098069,28.7081482,"rufivirgatus","ruf_rufivirgatus",75076
"Gulf",-97.77123,26.12524,"rufivirgatus","ruf_rufivirgatus",75147
"Gulf",-99.1928101,27.5928921,"rufivirgatus","ruf_rufivirgatus",75482
"Gulf",-97.911777,23.840546,"rufivirgatus","ruf_rufivirgatus",75527
"Gulf",-100.3779602,29.1506621,"rufivirgatus","ruf_rufivirgatus",75811
"Gulf",-99.8116493,28.6006494,"rufivirgatus","ruf_rufivirgatus",75976
"Gulf",-97.8437233,28.7630319,"rufivirgatus","ruf_rufivirgatus",76290
"Gulf",-99.22608,28.57977,"rufivirgatus","ruf_rufivirgatus",76442
"Gulf",-99.0428,28.52321,"rufivirgatus","ruf_rufivirgatus",76685
"Gulf",-97.53555,26.61073,"rufivirgatus","ruf_rufivirgatus",7247
"Gulf",-97.78965,28.1958085,"rufivirgatus","ruf_rufivirgatus",76883
"Gulf",-98.8739585,26.4745634,"rufivirgatus","ruf_rufivirgatus",76947
"Gulf",-99.8319349,29.2034685,"rufivirgatus","ruf_rufivirgatus",76972
"Gulf",-97.8918056,28.6922566,"rufivirgatus","ruf_rufivirgatus",77057
"Gulf",-98.2987547,27.3811421,"rufivirgatus","ruf_rufivirgatus",77063
"Gulf",-98.5257769,29.304738,"rufivirgatus","ruf_rufivirgatus",77116
"Gulf",-99.1143608,28.8867669,"rufivirgatus","ruf_rufivirgatus",77131
"Gulf",-97.727646,26.811689,"rufivirgatus","ruf_rufivirgatus",77225
"Gulf",-98.256953,27.788013,"rufivirgatus","ruf_rufivirgatus",77466
"Gulf",-97.55859,26.07814,"rufivirgatus","ruf_rufivirgatus",77469
"Gulf",-99.409046,28.045859,"rufivirgatus","ruf_rufivirgatus",77472
"Gulf",-98.0664368,28.4936378,"rufivirgatus","ruf_rufivirgatus",77562
"Gulf",-98.7817454,25.8936029,"rufivirgatus","ruf_rufivirgatus",77645
"Gulf",-98.00643,26.446927,"rufivirgatus","ruf_rufivirgatus",77700
"Gulf",-98.056,26.61006,"rufivirgatus","ruf_rufivirgatus",77905
"Gulf",-97.7138964,26.0907269,"rufivirgatus","ruf_rufivirgatus",77965
"Gulf",-97.8410625,28.5395922,"rufivirgatus","ruf_rufivirgatus",77995
"Gulf",-97.707041,26.129706,"rufivirgatus","ruf_rufivirgatus",78159
"Gulf",-98.2197046,26.2095087,"rufivirgatus","ruf_rufivirgatus",78437
"Gulf",-99.3315876,28.0141992,"rufivirgatus","ruf_rufivirgatus",78744
"Gulf",-97.4619591,25.9108351,"rufivirgatus","ruf_rufivirgatus",78831
"Gulf",-99.14141,29.34743,"rufivirgatus","ruf_rufivirgatus",79044
"Gulf",-98.3499955,28.470985,"rufivirgatus","ruf_rufivirgatus",79211
"Gulf",-98.0759811,28.9235845,"rufivirgatus","ruf_rufivirgatus",79568
"Gulf",-97.568357,26.0795175,"rufivirgatus","ruf_rufivirgatus",79689
"Gulf",-97.6674271,27.3063311,"rufivirgatus","ruf_rufivirgatus",80249
"Gulf",-98.2622337,26.6105594,"rufivirgatus","ruf_rufivirgatus",80856
"Gulf",-99.96648,27.03487,"rufivirgatus","ruf_rufivirgatus",81104
"Gulf",-97.7616952,26.0891184,"rufivirgatus","ruf_rufivirgatus",81713
"Gulf",-98.8549805,26.325422,"rufivirgatus","ruf_rufivirgatus",82088
"Gulf",-98.6379576,29.2666339,"rufivirgatus","ruf_rufivirgatus",82242
"Gulf",-98.4402466,26.7722807,"rufivirgatus","ruf_rufivirgatus",82329
"Gulf",-97.7436447,26.0977965,"rufivirgatus","ruf_rufivirgatus",82387
"Gulf",-99.2033511,29.4971744,"rufivirgatus","ruf_rufivirgatus",82534
"Gulf",-98.0776978,26.5602784,"rufivirgatus","ruf_rufivirgatus",82722
"Gulf",-98.76168,26.3463,"rufivirgatus","ruf_rufivirgatus",82727
"Gulf",-97.3494444,26.1819444,"rufivirgatus","ruf_rufivirgatus",83133
"Gulf",-99.680718,27.665389,"rufivirgatus","ruf_rufivirgatus",83240
"Gulf",-98.065798,28.950673,"rufivirgatus","ruf_rufivirgatus",83429
"Gulf",-98.013154,27.4965727,"rufivirgatus","ruf_rufivirgatus",83742
"Gulf",-99.5779216,27.6325356,"rufivirgatus","ruf_rufivirgatus",83754
"Gulf",-97.28605,26.09282,"rufivirgatus","ruf_rufivirgatus",83965
"Gulf",-97.8337133,27.4808432,"rufivirgatus","ruf_rufivirgatus",83971
"Gulf",-97.2999001,26.0023329,"rufivirgatus","ruf_rufivirgatus",83991
"Gulf",-98.8215226,29.0020413,"rufivirgatus","ruf_rufivirgatus",84163
"Gulf",-97.3379721,27.7085274,"rufivirgatus","ruf_rufivirgatus",84581
"Gulf",-98.61794,27.86859,"rufivirgatus","ruf_rufivirgatus",84834
"Gulf",-97.97274,26.14041,"rufivirgatus","ruf_rufivirgatus",85052
"Gulf",-97.661235,26.677353,"rufivirgatus","ruf_rufivirgatus",85192
"Gulf",-98.0234957,26.3835661,"rufivirgatus","ruf_rufivirgatus",85456
"Gulf",-98.198308,28.037964,"rufivirgatus","ruf_rufivirgatus",85482
"Gulf",-97.5247222,26.4838889,"rufivirgatus","ruf_rufivirgatus",85488
"Gulf",-100.360542,29.34613,"rufivirgatus","ruf_rufivirgatus",85594
"Gulf",-97.6896143,26.4137029,"rufivirgatus","ruf_rufivirgatus",85607
"Gulf",-100.7872653,29.2303046,"rufivirgatus","ruf_rufivirgatus",85698
"Gulf",-99.2601013,26.8926791,"rufivirgatus","ruf_rufivirgatus",85842
"Gulf",-98.054811,28.377777,"rufivirgatus","ruf_rufivirgatus",85923
"Gulf",-97.6633501,27.8822806,"rufivirgatus","ruf_rufivirgatus",86136
"Gulf",-97.3526001,26.3191905,"rufivirgatus","ruf_rufivirgatus",86429
"Gulf",-98.470115,28.789268,"rufivirgatus","ruf_rufivirgatus",86565
"Gulf",-98.663105,27.299865,"rufivirgatus","ruf_rufivirgatus",86649
"Gulf",-98.1632549,28.0753882,"rufivirgatus","ruf_rufivirgatus",86868
"Gulf",-98.0559933,27.1845434,"rufivirgatus","ruf_rufivirgatus",87103
"Gulf",-97.475905,25.898851,"rufivirgatus","ruf_rufivirgatus",87491
"Gulf",-97.7831268,27.2854512,"rufivirgatus","ruf_rufivirgatus",88683
"Gulf",-97.491728,26.332377,"rufivirgatus","ruf_rufivirgatus",89367
"Gulf",-100.0117636,28.4898911,"rufivirgatus","ruf_rufivirgatus",89405
"Gulf",-98.5814195,27.926674,"rufivirgatus","ruf_rufivirgatus",89417
"Gulf",-99.304411,28.080031,"rufivirgatus","ruf_rufivirgatus",89544
"Gulf",-99.7008419,29.4801028,"rufivirgatus","ruf_rufivirgatus",89664
"Gulf",-100.542604,28.836989,"rufivirgatus","ruf_rufivirgatus",89944
"Gulf",-97.678232,28.380556,"rufivirgatus","ruf_rufivirgatus",90221
"Gulf",-97.819442,28.666867,"rufivirgatus","ruf_rufivirgatus",90225
"Gulf",-98.442825,26.438757,"rufivirgatus","ruf_rufivirgatus",90352
"Gulf",-99.438894,28.941187,"rufivirgatus","ruf_rufivirgatus",90475
"Gulf",-98.8414407,26.4819193,"rufivirgatus","ruf_rufivirgatus",90485
"Gulf",-98.2984543,26.8641994,"rufivirgatus","ruf_rufivirgatus",90502
"Gulf",-98.6488795,27.6660668,"rufivirgatus","ruf_rufivirgatus",90544
"Gulf",-99.406433,28.346329,"rufivirgatus","ruf_rufivirgatus",90605
"Gulf",-97.2818112,26.0536407,"rufivirgatus","ruf_rufivirgatus",90819
"Gulf",-99.115865,28.900583,"rufivirgatus","ruf_rufivirgatus",90843
"Gulf",-98.4761563,27.5518318,"rufivirgatus","ruf_rufivirgatus",90910
"Gulf",-100.396837,27.430451,"rufivirgatus","ruf_rufivirgatus",90953
"Gulf",-97.9999352,26.1487351,"rufivirgatus","ruf_rufivirgatus",91479
"Gulf",-99.429094,27.076436,"rufivirgatus","ruf_rufivirgatus",91480
"Gulf",-98.436025,28.017925,"rufivirgatus","ruf_rufivirgatus",91642
"Gulf",-99.602078,28.962029,"rufivirgatus","ruf_rufivirgatus",91764
"Gulf",-99.374468,28.3162,"rufivirgatus","ruf_rufivirgatus",91768
"Gulf",-97.355308,26.175797,"rufivirgatus","ruf_rufivirgatus",91864
"Gulf",-100.030448,29.477541,"rufivirgatus","ruf_rufivirgatus",91876
"Gulf",-97.8798151,27.504465,"rufivirgatus","ruf_rufivirgatus",92202
"Gulf",-99.98935,29.44266,"rufivirgatus","ruf_rufivirgatus",92644
"Gulf",-98.415061,27.598818,"rufivirgatus","ruf_rufivirgatus",92904
"Gulf",-97.556605,26.381189,"rufivirgatus","ruf_rufivirgatus",93034
"Gulf",-97.8998566,27.5409251,"rufivirgatus","ruf_rufivirgatus",93166
"Gulf",-99.5129237,27.4988684,"rufivirgatus","ruf_rufivirgatus",93447
"Gulf",-97.7383054,26.7338649,"rufivirgatus","ruf_rufivirgatus",93662
"Gulf",-99.5197821,28.574271,"rufivirgatus","ruf_rufivirgatus",93694
"Gulf",-97.9188681,29.1751984,"rufivirgatus","ruf_rufivirgatus",93820
"Gulf",-98.134961,26.934492,"rufivirgatus","ruf_rufivirgatus",94300
"Gulf",-98.9033139,26.9821715,"rufivirgatus","ruf_rufivirgatus",94808
"Gulf",-97.5171881,26.0056228,"rufivirgatus","ruf_rufivirgatus",95134
"Gulf",-97.4564552,26.2980319,"rufivirgatus","ruf_rufivirgatus",95673
"Gulf",-97.7489662,26.4811754,"rufivirgatus","ruf_rufivirgatus",96083
"Gulf",-97.82387,26.15895,"rufivirgatus","ruf_rufivirgatus",96139
"Gulf",-100.0177717,29.530002,"rufivirgatus","ruf_rufivirgatus",96863
"Gulf",-99.3096471,29.0162281,"rufivirgatus","ruf_rufivirgatus",96883
"Gulf",-97.659835,27.936651,"rufivirgatus","ruf_rufivirgatus",97012
"Gulf",-97.962007,26.056103,"rufivirgatus","ruf_rufivirgatus",97513
"Gulf",-98.7772518,25.7237059,"rufivirgatus","ruf_rufivirgatus",97660
"Gulf",-97.4984069,26.2811401,"rufivirgatus","ruf_rufivirgatus",97800
"Gulf",-98.7135839,25.697411,"rufivirgatus","ruf_rufivirgatus",97946
"Gulf",-98.648336,26.601743,"rufivirgatus","ruf_rufivirgatus",98074
"Gulf",-98.656985,25.6838533,"rufivirgatus","ruf_rufivirgatus",98199
"Gulf",-98.677635,25.6948783,"rufivirgatus","ruf_rufivirgatus",98200
"Gulf",-98.7121583,25.727525,"rufivirgatus","ruf_rufivirgatus",98203
"Gulf",-99.4151759,28.8211391,"rufivirgatus","ruf_rufivirgatus",98480
"Gulf",-98.439643,26.464413,"rufivirgatus","ruf_rufivirgatus",98597
"Gulf",-98.1659028,26.5761778,"rufivirgatus","ruf_rufivirgatus",98737
"Gulf",-98.289824,28.440221,"rufivirgatus","ruf_rufivirgatus",98877
"Gulf",-99.766032,29.21215,"rufivirgatus","ruf_rufivirgatus",99149
"Gulf",-98.6116417,25.64766,"rufivirgatus","ruf_rufivirgatus",99158
"Gulf",-98.7411517,25.7032817,"rufivirgatus","ruf_rufivirgatus",99539
"Gulf",-99.796324,28.586485,"rufivirgatus","ruf_rufivirgatus",99543
"Gulf",-97.4417044,26.3317579,"rufivirgatus","ruf_rufivirgatus",99677
"Gulf",-97.7472496,27.3698618,"rufivirgatus","ruf_rufivirgatus",99952
"Gulf",-98.1190349,27.1968858,"rufivirgatus","ruf_rufivirgatus",100504
"Gulf",-97.475354,26.3306631,"rufivirgatus","ruf_rufivirgatus",100522
"Gulf",-97.6987235,27.8867262,"rufivirgatus","ruf_rufivirgatus",100534
"Gulf",-100.311081,29.384381,"rufivirgatus","ruf_rufivirgatus",100667
"Gulf",-99.2764843,27.5153009,"rufivirgatus","ruf_rufivirgatus",100960
"Gulf",-97.755445,26.685984,"rufivirgatus","ruf_rufivirgatus",101117
"Gulf",-97.796635,27.422021,"rufivirgatus","ruf_rufivirgatus",101179
"Gulf",-99.5983171,28.8209135,"rufivirgatus","ruf_rufivirgatus",101208
"Gulf",-100.62965,29.627424,"rufivirgatus","ruf_rufivirgatus",101304
"Gulf",-97.6897029,26.2251315,"rufivirgatus","ruf_rufivirgatus",101969
"Gulf",-98.8028383,26.9522947,"rufivirgatus","ruf_rufivirgatus",102277
"Gulf",-100.3050041,28.8461773,"rufivirgatus","ruf_rufivirgatus",102408
"Gulf",-99.2268848,27.5692602,"rufivirgatus","ruf_rufivirgatus",102537
"Gulf",-98.3452014,26.6517388,"rufivirgatus","ruf_rufivirgatus",102538
"Gulf",-98.3248043,28.1048435,"rufivirgatus","ruf_rufivirgatus",102683
"Gulf",-97.5683556,26.4897792,"rufivirgatus","ruf_rufivirgatus",102920
"Gulf",-97.7411211,26.1701841,"rufivirgatus","ruf_rufivirgatus",103603
"Gulf",-98.7475083,25.695265,"rufivirgatus","ruf_rufivirgatus",103611
"Gulf",-100.6436491,28.9434907,"rufivirgatus","ruf_rufivirgatus",104019
"Gulf",-97.7524424,24.5124538,"rufivirgatus","ruf_rufivirgatus",104608
"Gulf",-97.5871153,28.1591809,"rufivirgatus","ruf_rufivirgatus",105302
"Gulf",-97.980636,26.489499,"rufivirgatus","ruf_rufivirgatus",105327
"Gulf",-100.417885,29.461895,"rufivirgatus","ruf_rufivirgatus",105976
"Gulf",-97.7875845,27.2422045,"rufivirgatus","ruf_rufivirgatus",105990
"Gulf",-98.7034791,25.6890513,"rufivirgatus","ruf_rufivirgatus",105995
"Gulf",-98.016984,26.406626,"rufivirgatus","ruf_rufivirgatus",106327
"Gulf",-100.910139,29.429835,"rufivirgatus","ruf_rufivirgatus",106723
"Gulf",-97.399271,25.928063,"rufivirgatus","ruf_rufivirgatus",106883
"Gulf",-98.0548766,28.4988284,"rufivirgatus","ruf_rufivirgatus",106899
"Gulf",-97.440061,26.131653,"rufivirgatus","ruf_rufivirgatus",107074
"Gulf",-100.5513409,29.0946913,"rufivirgatus","ruf_rufivirgatus",107075
"Gulf",-99.6896303,26.8625437,"rufivirgatus","ruf_rufivirgatus",107084
"Gulf",-99.810667,26.319449,"rufivirgatus","ruf_rufivirgatus",107273
"Gulf",-99.630435,26.148994,"rufivirgatus","ruf_rufivirgatus",107274
"Gulf",-98.140536,26.595934,"rufivirgatus","ruf_rufivirgatus",107438
"Gulf",-97.9245991,28.5044832,"rufivirgatus","ruf_rufivirgatus",107638
"Gulf",-98.625127,28.603864,"rufivirgatus","ruf_rufivirgatus",108331
"Gulf",-98.2976933,29.2895604,"rufivirgatus","ruf_rufivirgatus",108472
"Gulf",-97.5813779,26.4092581,"rufivirgatus","ruf_rufivirgatus",108547
"Gulf",-97.407089,26.244324,"rufivirgatus","ruf_rufivirgatus",108568
"Gulf",-99.0380068,26.6484989,"rufivirgatus","ruf_rufivirgatus",108792
"Gulf",-98.1989734,28.9088135,"rufivirgatus","ruf_rufivirgatus",108988
"Gulf",-100.4794765,28.7068754,"rufivirgatus","ruf_rufivirgatus",109113
"Gulf",-99.1986038,27.869103,"rufivirgatus","ruf_rufivirgatus",109336
"Gulf",-99.12746,27.376613,"rufivirgatus","ruf_rufivirgatus",109698
"Gulf",-100.480036,29.326159,"rufivirgatus","ruf_rufivirgatus",109707
"Gulf",-97.9991792,28.4784615,"rufivirgatus","ruf_rufivirgatus",109709
"Gulf",-97.6216425,26.1902441,"rufivirgatus","ruf_rufivirgatus",109915
"Gulf",-99.0266647,28.1900117,"rufivirgatus","ruf_rufivirgatus",110296
"Gulf",-99.73085,26.243671,"rufivirgatus","ruf_rufivirgatus",110647
"Gulf",-98.209057,28.436867,"rufivirgatus","ruf_rufivirgatus",110979
"Gulf",-97.4200737,25.9257632,"rufivirgatus","ruf_rufivirgatus",111339
"Gulf",-98.314935,28.775464,"rufivirgatus","ruf_rufivirgatus",111419
"Gulf",-100.5371332,28.8591827,"rufivirgatus","ruf_rufivirgatus",111911
"Gulf",-99.880661,26.351328,"rufivirgatus","ruf_rufivirgatus",111968
"Gulf",-97.969873,26.0635051,"rufivirgatus","ruf_rufivirgatus",112448
"Gulf",-98.8992112,27.0054278,"rufivirgatus","ruf_rufivirgatus",113303
"Gulf",-98.1989336,28.9441667,"rufivirgatus","ruf_rufivirgatus",115063
"Gulf",-100.7645909,29.3156045,"rufivirgatus","ruf_rufivirgatus",115262
"Gulf",-98.112246,26.934398,"rufivirgatus","ruf_rufivirgatus",115715
"Gulf",-97.961074,26.457252,"rufivirgatus","ruf_rufivirgatus",115728
"Gulf",-98.0563259,27.2128847,"rufivirgatus","ruf_rufivirgatus",116074
"Gulf",-97.771837,26.077206,"rufivirgatus","ruf_rufivirgatus",116080
"Gulf",-98.0885424,28.511203,"rufivirgatus","ruf_rufivirgatus",116273
"Gulf",-97.6391459,27.8814941,"rufivirgatus","ruf_rufivirgatus",116788
"Gulf",-97.4427744,26.2143987,"rufivirgatus","ruf_rufivirgatus",117006
"Gulf",-99.589952,28.866682,"rufivirgatus","ruf_rufivirgatus",118354
"Gulf",-100.0059556,29.6448213,"rufivirgatus","ruf_rufivirgatus",118358
"Gulf",-97.871956,28.838064,"rufivirgatus","ruf_rufivirgatus",118869
"Gulf",-98.04725,27.751548,"rufivirgatus","ruf_rufivirgatus",119064
"Gulf",-98.040211,28.590444,"rufivirgatus","ruf_rufivirgatus",119324
"Gulf",-98.5541957,25.7202316,"rufivirgatus","ruf_rufivirgatus",119331
"Gulf",-97.7805559,26.3388875,"rufivirgatus","ruf_rufivirgatus",119798
"Gulf",-99.2564293,28.2533553,"rufivirgatus","ruf_rufivirgatus",120032
"Gulf",-98.5156207,26.2438718,"rufivirgatus","ruf_rufivirgatus",120044
"Gulf",-97.3730363,27.58135,"rufivirgatus","ruf_rufivirgatus",120226
"Gulf",-97.890414,28.607678,"rufivirgatus","ruf_rufivirgatus",120516
"Gulf",-99.099027,26.6498557,"rufivirgatus","ruf_rufivirgatus",120995
"Gulf",-97.4840927,26.2151814,"rufivirgatus","ruf_rufivirgatus",121152
"Gulf",-98.2959652,28.7339192,"rufivirgatus","ruf_rufivirgatus",121682
"Gulf",-98.236283,28.016522,"rufivirgatus","ruf_rufivirgatus",122160
"Gulf",-97.53686,26.183091,"rufivirgatus","ruf_rufivirgatus",123064
"Gulf",-99.138199,29.186927,"rufivirgatus","ruf_rufivirgatus",123330
"Gulf",-98.2639533,26.1093685,"rufivirgatus","ruf_rufivirgatus",123421
"Gulf",-97.469771,26.595809,"rufivirgatus","ruf_rufivirgatus",123784
"Gulf",-98.49138,28.799378,"rufivirgatus","ruf_rufivirgatus",124307
"Gulf",-98.7950814,29.418367,"rufivirgatus","ruf_rufivirgatus",124734
"Gulf",-97.8924438,28.5142896,"rufivirgatus","ruf_rufivirgatus",125040
"Gulf",-98.190458,27.232085,"rufivirgatus","ruf_rufivirgatus",125941
"Gulf",-98.955211,27.464999,"rufivirgatus","ruf_rufivirgatus",125958
"Gulf",-98.8940068,26.8856995,"rufivirgatus","ruf_rufivirgatus",126025
"Gulf",-99.1112872,26.7114109,"rufivirgatus","ruf_rufivirgatus",126171
"Gulf",-98.836025,27.756698,"rufivirgatus","ruf_rufivirgatus",126419
"Gulf",-99.097474,29.021917,"rufivirgatus","ruf_rufivirgatus",126425
"Gulf",-98.1850505,26.3582661,"rufivirgatus","ruf_rufivirgatus",126454
"Gulf",-97.2204369,27.6264996,"rufivirgatus","ruf_rufivirgatus",126785
"Gulf",-99.142238,29.374053,"rufivirgatus","ruf_rufivirgatus",127858
"Gulf",-99.8680932,27.2993714,"rufivirgatus","ruf_rufivirgatus",128104
"Gulf",-97.4897533,28.7770752,"rufivirgatus","ruf_rufivirgatus",128295
"Gulf",-97.9656251,28.4913427,"rufivirgatus","ruf_rufivirgatus",128756
"Gulf",-97.889029,28.5275837,"rufivirgatus","ruf_rufivirgatus",128757
"Gulf",-97.586773,26.750551,"rufivirgatus","ruf_rufivirgatus",130344
"Gulf",-98.2204268,26.9113904,"rufivirgatus","ruf_rufivirgatus",130372
"Gulf",-99.0448891,26.8295806,"rufivirgatus","ruf_rufivirgatus",130425
"Gulf",-99.082828,26.57749,"rufivirgatus","ruf_rufivirgatus",131286
"Gulf",-98.866355,29.061628,"rufivirgatus","ruf_rufivirgatus",131489
"Gulf",-97.339739,26.121082,"rufivirgatus","ruf_rufivirgatus",131947
"Gulf",-99.9667805,27.441273,"rufivirgatus","ruf_rufivirgatus",132438
"Gulf",-97.499166,27.600871,"rufivirgatus","ruf_rufivirgatus",132838
"Gulf",-98.204924,28.467787,"rufivirgatus","ruf_rufivirgatus",133178
"Gulf",-97.6617213,26.1269674,"rufivirgatus","ruf_rufivirgatus",133421
"Gulf",-98.2423871,26.2787755,"rufivirgatus","ruf_rufivirgatus",133452
"Gulf",-97.6087881,28.8552712,"rufivirgatus","ruf_rufivirgatus",134371
"Gulf",-98.032644,28.968986,"rufivirgatus","ruf_rufivirgatus",135292
"Gulf",-98.3573638,26.1967777,"rufivirgatus","ruf_rufivirgatus",135446
"Gulf",-97.765257,26.201199,"rufivirgatus","ruf_rufivirgatus",135644
"Gulf",-100.278143,29.27202,"rufivirgatus","ruf_rufivirgatus",135676
"Gulf",-97.622418,26.005469,"rufivirgatus","ruf_rufivirgatus",135839
"Gulf",-99.2394275,28.2577525,"rufivirgatus","ruf_rufivirgatus",136396
"Gulf",-98.222793,28.49148,"rufivirgatus","ruf_rufivirgatus",136624
"Gulf",-98.419733,29.3847927,"rufivirgatus","ruf_rufivirgatus",136828
"Gulf",-98.1220794,28.8022909,"rufivirgatus","ruf_rufivirgatus",136926
"Gulf",-98.4775483,27.9904006,"rufivirgatus","ruf_rufivirgatus",136964
"Gulf",-98.8807438,26.5502534,"rufivirgatus","ruf_rufivirgatus",137330
"Gulf",-97.693974,27.925336,"rufivirgatus","ruf_rufivirgatus",137992
"Gulf",-100.856007,29.3693287,"rufivirgatus","ruf_rufivirgatus",138033
"Gulf",-99.8366119,28.5759229,"rufivirgatus","ruf_rufivirgatus",138037
"Gulf",-98.9543508,29.0099652,"rufivirgatus","ruf_rufivirgatus",138207
"Gulf",-98.0259542,26.2300796,"rufivirgatus","ruf_rufivirgatus",138424
"Gulf",-98.671489,27.322418,"rufivirgatus","ruf_rufivirgatus",138709
"Gulf",-98.290974,28.611146,"rufivirgatus","ruf_rufivirgatus",138947
"Gulf",-98.554567,28.872389,"rufivirgatus","ruf_rufivirgatus",139071
"Gulf",-97.9429042,28.4349419,"rufivirgatus","ruf_rufivirgatus",139078
"Gulf",-99.6999519,26.2484345,"rufivirgatus","ruf_rufivirgatus",139250
"Gulf",-100.405227,29.218867,"rufivirgatus","ruf_rufivirgatus",139678
"Gulf",-97.9038104,28.2087386,"rufivirgatus","ruf_rufivirgatus",140267
"Gulf",-100.320521,28.422058,"rufivirgatus","ruf_rufivirgatus",140435
"Gulf",-97.873354,28.395069,"rufivirgatus","ruf_rufivirgatus",140447
"Gulf",-97.907555,28.340626,"rufivirgatus","ruf_rufivirgatus",140813
"Gulf",-100.404423,29.487944,"rufivirgatus","ruf_rufivirgatus",141012
"Gulf",-99.6365572,29.2950561,"rufivirgatus","ruf_rufivirgatus",141355
"Gulf",-97.841968,28.588728,"rufivirgatus","ruf_rufivirgatus",141400
"Gulf",-98.7072229,29.355696,"rufivirgatus","ruf_rufivirgatus",141514
"Gulf",-98.8514672,26.4333947,"rufivirgatus","ruf_rufivirgatus",141758
"Gulf",-97.4746235,25.8880988,"rufivirgatus","ruf_rufivirgatus",142453
"Gulf",-99.4420346,27.2546924,"rufivirgatus","ruf_rufivirgatus",142973
"Gulf",-99.05685,29.374756,"rufivirgatus","ruf_rufivirgatus",143369
"Gulf",-98.6242062,27.8541258,"rufivirgatus","ruf_rufivirgatus",144608
"Gulf",-98.1856003,26.0765991,"rufivirgatus","ruf_rufivirgatus",144760
"Gulf",-97.455725,26.556621,"rufivirgatus","ruf_rufivirgatus",145168
"Gulf",-100.5892633,28.8958455,"rufivirgatus","ruf_rufivirgatus",145918
"Gulf",-97.235602,26.06592,"rufivirgatus","ruf_rufivirgatus",146328
"Gulf",-98.5979123,29.3732625,"rufivirgatus","ruf_rufivirgatus",146492
"Gulf",-97.9637513,28.5714805,"rufivirgatus","ruf_rufivirgatus",147044
"Gulf",-97.7967158,28.5308208,"rufivirgatus","ruf_rufivirgatus",147076
"Gulf",-98.2017136,26.1324997,"rufivirgatus","ruf_rufivirgatus",147718
"Gulf",-98.887405,27.064129,"rufivirgatus","ruf_rufivirgatus",148016
"Gulf",-97.6696148,27.9231086,"rufivirgatus","ruf_rufivirgatus",148021
"Gulf",-98.893162,26.954249,"rufivirgatus","ruf_rufivirgatus",148224
"Gulf",-97.8118982,28.5438204,"rufivirgatus","ruf_rufivirgatus",149718
"Gulf",-97.5151634,25.8908862,"rufivirgatus","ruf_rufivirgatus",149740
"Gulf",-97.725116,26.1990258,"rufivirgatus","ruf_rufivirgatus",149966
"Gulf",-99.0621234,28.1845287,"rufivirgatus","ruf_rufivirgatus",150712
"Gulf",-98.833447,29.528158,"rufivirgatus","ruf_rufivirgatus",151092
"Gulf",-98.432883,26.793402,"rufivirgatus","ruf_rufivirgatus",151390
"Gulf",-97.566043,25.975681,"rufivirgatus","ruf_rufivirgatus",151652
"Gulf",-97.531584,26.542709,"rufivirgatus","ruf_rufivirgatus",152097
"Gulf",-98.452251,28.169433,"rufivirgatus","ruf_rufivirgatus",152369
"Gulf",-98.645928,29.511751,"rufivirgatus","ruf_rufivirgatus",152490
"Gulf",-98.2710314,26.9199271,"rufivirgatus","ruf_rufivirgatus",152742
"Gulf",-98.008041,28.788243,"rufivirgatus","ruf_rufivirgatus",152834
"Gulf",-98.452928,26.435237,"rufivirgatus","ruf_rufivirgatus",153054
"Gulf",-99.128945,28.909818,"rufivirgatus","ruf_rufivirgatus",153098
"Gulf",-100.004297,29.377079,"rufivirgatus","ruf_rufivirgatus",155279
"Gulf",-97.5994706,27.9209379,"rufivirgatus","ruf_rufivirgatus",155386
"Gulf",-97.920883,28.072354,"rufivirgatus","ruf_rufivirgatus",157486
"Gulf",-97.9530116,28.5714738,"rufivirgatus","ruf_rufivirgatus",158190
"Gulf",-99.261505,28.55508,"rufivirgatus","ruf_rufivirgatus",158689
"Gulf",-97.979493,28.237931,"rufivirgatus","ruf_rufivirgatus",159443
"Gulf",-98.8370666,28.2224677,"rufivirgatus","ruf_rufivirgatus",160397
"Gulf",-97.468806,25.980844,"rufivirgatus","ruf_rufivirgatus",160399
"Gulf",-98.3568946,28.5232472,"rufivirgatus","ruf_rufivirgatus",160401
"Gulf",-99.5761299,27.6224026,"rufivirgatus","ruf_rufivirgatus",160486
"Gulf",-98.7504036,27.3536448,"rufivirgatus","ruf_rufivirgatus",160519
"Gulf",-99.8317892,29.1660069,"rufivirgatus","ruf_rufivirgatus",160643
"Gulf",-98.7301252,28.8445987,"rufivirgatus","ruf_rufivirgatus",161104
"Gulf",-97.837805,27.373381,"rufivirgatus","ruf_rufivirgatus",161324
"Gulf",-99.950324,25.868065,"rufivirgatus","ruf_rufivirgatus",161696
"Gulf",-99.4480528,26.1817667,"rufivirgatus","ruf_rufivirgatus",161748
"Gulf",-98.1981892,27.365785,"rufivirgatus","ruf_rufivirgatus",161794
"Gulf",-97.702583,26.6633636,"rufivirgatus","ruf_rufivirgatus",162008
"Gulf",-97.6849995,27.8997915,"rufivirgatus","ruf_rufivirgatus",162215
"Gulf",-100.554381,29.34073,"rufivirgatus","ruf_rufivirgatus",162226
"Gulf",-98.09886,28.864417,"rufivirgatus","ruf_rufivirgatus",162700
"Gulf",-99.407201,28.311964,"rufivirgatus","ruf_rufivirgatus",163152
"Gulf",-99.703216,29.058582,"rufivirgatus","ruf_rufivirgatus",163604
"Gulf",-99.5490101,26.078041,"rufivirgatus","ruf_rufivirgatus",163802
"Gulf",-98.456656,29.301444,"rufivirgatus","ruf_rufivirgatus",163829
"Gulf",-97.5113655,27.5376859,"rufivirgatus","ruf_rufivirgatus",164345
"Gulf",-98.16009,27.755502,"rufivirgatus","ruf_rufivirgatus",164507
"Gulf",-99.929233,29.32385,"rufivirgatus","ruf_rufivirgatus",164527
"Gulf",-98.448034,27.995186,"rufivirgatus","ruf_rufivirgatus",164542
"Gulf",-98.088519,27.981177,"rufivirgatus","ruf_rufivirgatus",164743
"Gulf",-98.253264,28.732393,"rufivirgatus","ruf_rufivirgatus",164767
"Gulf",-98.73858,26.788408,"rufivirgatus","ruf_rufivirgatus",165008
"Gulf",-98.998426,29.040724,"rufivirgatus","ruf_rufivirgatus",165221
"Gulf",-97.90878,27.392589,"rufivirgatus","ruf_rufivirgatus",165689
"Gulf",-98.2455041,25.6951412,"rufivirgatus","ruf_rufivirgatus",165692
"Gulf",-97.348188,26.242665,"rufivirgatus","ruf_rufivirgatus",166612
"Gulf",-97.820871,26.116674,"rufivirgatus","ruf_rufivirgatus",166713
"Gulf",-97.335855,26.091261,"rufivirgatus","ruf_rufivirgatus",166782
"Gulf",-98.505325,26.209021,"rufivirgatus","ruf_rufivirgatus",166880
"Gulf",-97.906981,27.528636,"rufivirgatus","ruf_rufivirgatus",166898
"Gulf",-99.1783853,29.2532378,"rufivirgatus","ruf_rufivirgatus",167754
"Gulf",-98.4716392,29.4590115,"rufivirgatus","ruf_rufivirgatus",167767
"Gulf",-97.493146,26.575112,"rufivirgatus","ruf_rufivirgatus",168202
"Gulf",-97.921591,27.530598,"rufivirgatus","ruf_rufivirgatus",168204
"Gulf",-98.405549,27.389881,"rufivirgatus","ruf_rufivirgatus",168673
"Gulf",-98.059541,28.891402,"rufivirgatus","ruf_rufivirgatus",170794
"Gulf",-98.177829,28.911216,"rufivirgatus","ruf_rufivirgatus",171263
"Gulf",-98.353026,28.706732,"rufivirgatus","ruf_rufivirgatus",171729
"Gulf",-99.1504387,29.1465988,"rufivirgatus","ruf_rufivirgatus",172842
"Gulf",-97.7534083,26.1394806,"rufivirgatus","ruf_rufivirgatus",173044
"Gulf",-98.0647367,26.1114642,"rufivirgatus","ruf_rufivirgatus",173261
"Gulf",-98.338255,28.728376,"rufivirgatus","ruf_rufivirgatus",173952
"Gulf",-100.5853854,29.3501609,"rufivirgatus","ruf_rufivirgatus",174065
"Gulf",-98.152582,26.477753,"rufivirgatus","ruf_rufivirgatus",174427
"Gulf",-97.955736,26.491336,"rufivirgatus","ruf_rufivirgatus",174878
"Gulf",-97.792731,26.187566,"rufivirgatus","ruf_rufivirgatus",174892
"Gulf",-100.4024117,29.8305934,"rufivirgatus","ruf_rufivirgatus",82483
"Gulf",-100.091362,25.451559,"rufivirgatus","ruf_rufivirgatus",82648
"Gulf",-100.134285,25.405605,"rufivirgatus","ruf_rufivirgatus",82845
"Gulf",-100.410292,25.724474,"rufivirgatus","ruf_rufivirgatus",83764
"Gulf",-100.280759,25.581992,"rufivirgatus","ruf_rufivirgatus",83862
"Gulf",-96.88622,28.47048,"rufivirgatus","ruf_rufivirgatus",85274
"Gulf",-99.570653,29.8077,"rufivirgatus","ruf_rufivirgatus",86043
"Gulf",-97.062192,28.0400161,"rufivirgatus","ruf_rufivirgatus",87689
"Gulf",-100.309107,25.61678,"rufivirgatus","ruf_rufivirgatus",89397
"Gulf",-100.3889009,25.5639588,"rufivirgatus","ruf_rufivirgatus",90062
"Gulf",-98.90456,29.552357,"rufivirgatus","ruf_rufivirgatus",90967
"Gulf",-101.5755343,30.134587,"rufivirgatus","ruf_rufivirgatus",92111
"Gulf",-100.5063415,25.6151904,"rufivirgatus","ruf_rufivirgatus",92498
"Gulf",-99.746446,29.779465,"rufivirgatus","ruf_rufivirgatus",92635
"Gulf",-100.4755175,25.9568099,"rufivirgatus","ruf_rufivirgatus",98193
"Gulf",-100.4542208,29.599245,"rufivirgatus","ruf_rufivirgatus",98459
"Gulf",-99.471103,30.165238,"rufivirgatus","ruf_rufivirgatus",101057
"Gulf",-97.341691,28.254272,"rufivirgatus","ruf_rufivirgatus",101717
"Gulf",-99.979418,29.701818,"rufivirgatus","ruf_rufivirgatus",102387
"Gulf",-98.5532427,29.2470897,"rufivirgatus","ruf_rufivirgatus",102715
"Gulf",-99.776851,30.472194,"rufivirgatus","ruf_rufivirgatus",104289
"Gulf",-100.209786,25.474134,"rufivirgatus","ruf_rufivirgatus",105708
"Gulf",-99.765278,25.041777,"rufivirgatus","ruf_rufivirgatus",106550
"Gulf",-100.0197887,25.2075233,"rufivirgatus","ruf_rufivirgatus",107251
"Gulf",-100.2031422,25.3711157,"rufivirgatus","ruf_rufivirgatus",107711
"Gulf",-100.255197,25.581648,"rufivirgatus","ruf_rufivirgatus",108002
"Gulf",-99.657746,25.658878,"rufivirgatus","ruf_rufivirgatus",108974
"Gulf",-100.4106295,25.6482774,"rufivirgatus","ruf_rufivirgatus",109139
"Gulf",-97.47787,27.8860739,"rufivirgatus","ruf_rufivirgatus",109294
"Gulf",-100.5476821,26.5422413,"rufivirgatus","ruf_rufivirgatus",109520
"Gulf",-100.046673,26.219188,"rufivirgatus","ruf_rufivirgatus",111199
"Gulf",-99.886177,29.633837,"rufivirgatus","ruf_rufivirgatus",113869
"Gulf",-99.866742,29.575695,"rufivirgatus","ruf_rufivirgatus",117357
"Gulf",-100.1649721,25.5609041,"rufivirgatus","ruf_rufivirgatus",118370
"Gulf",-97.425983,28.126926,"rufivirgatus","ruf_rufivirgatus",119339
"Gulf",-100.190038,25.349651,"rufivirgatus","ruf_rufivirgatus",119568
"Gulf",-99.9179761,29.737991,"rufivirgatus","ruf_rufivirgatus",120063
"Gulf",-100.3744948,25.6299288,"rufivirgatus","ruf_rufivirgatus",120507
"Gulf",-100.2950045,25.6158765,"rufivirgatus","ruf_rufivirgatus",122159
"Gulf",-99.3466844,24.6061227,"rufivirgatus","ruf_rufivirgatus",124514
"Gulf",-100.469922,25.613849,"rufivirgatus","ruf_rufivirgatus",125955
"Gulf",-97.415782,28.103281,"rufivirgatus","ruf_rufivirgatus",126197
"Gulf",-99.3370968,24.6902218,"rufivirgatus","ruf_rufivirgatus",126202
"Gulf",-99.7038381,29.7808892,"rufivirgatus","ruf_rufivirgatus",127073
"Gulf",-97.974174,23.815913,"rufivirgatus","ruf_rufivirgatus",127342
"Gulf",-99.8660965,29.7744999,"rufivirgatus","ruf_rufivirgatus",128355
"Gulf",-99.679533,29.809284,"rufivirgatus","ruf_rufivirgatus",130102
"Gulf",-100.1904202,25.5092142,"rufivirgatus","ruf_rufivirgatus",133281
"Gulf",-100.515448,26.51301,"rufivirgatus","ruf_rufivirgatus",133501
"Gulf",-99.773495,29.866425,"rufivirgatus","ruf_rufivirgatus",133820
"Gulf",-100.77896,29.969618,"rufivirgatus","ruf_rufivirgatus",133998
"Gulf",-100.420899,29.639306,"rufivirgatus","ruf_rufivirgatus",134168
"Gulf",-100.0131762,25.3971082,"rufivirgatus","ruf_rufivirgatus",135293
"Gulf",-100.1385784,25.8594939,"rufivirgatus","ruf_rufivirgatus",135690
"Gulf",-100.006015,29.908226,"rufivirgatus","ruf_rufivirgatus",136777
"Gulf",-98.718918,29.706081,"rufivirgatus","ruf_rufivirgatus",137651
"Gulf",-100.3166667,29.8583333,"rufivirgatus","ruf_rufivirgatus",138015
"Gulf",-97.6274791,29.0835441,"rufivirgatus","ruf_rufivirgatus",138382
"Gulf",-97.4107265,28.3607091,"rufivirgatus","ruf_rufivirgatus",140062
"Gulf",-99.801688,30.429869,"rufivirgatus","ruf_rufivirgatus",146808
"Gulf",-97.465583,28.590597,"rufivirgatus","ruf_rufivirgatus",146819
"Gulf",-99.451821,24.912579,"rufivirgatus","ruf_rufivirgatus",146951
"Gulf",-97.745214,28.430532,"rufivirgatus","ruf_rufivirgatus",147309
"Gulf",-98.837767,29.537625,"rufivirgatus","ruf_rufivirgatus",148389
"Gulf",-100.1377074,25.9044944,"rufivirgatus","ruf_rufivirgatus",148478
"Gulf",-99.627314,24.630389,"rufivirgatus","ruf_rufivirgatus",148718
"Gulf",-100.1331821,25.8760001,"rufivirgatus","ruf_rufivirgatus",153861
"Gulf",-100.2890141,25.5617191,"rufivirgatus","ruf_rufivirgatus",155990
"Gulf",-100.3903078,25.6364405,"rufivirgatus","ruf_rufivirgatus",156862
"Gulf",-96.872261,28.414153,"rufivirgatus","ruf_rufivirgatus",157725
"Gulf",-100.3422403,25.6430554,"rufivirgatus","ruf_rufivirgatus",158083
"Gulf",-100.0424913,25.2396875,"rufivirgatus","ruf_rufivirgatus",158919
"Gulf",-97.2966995,26.1998997,"rufivirgatus","ruf_rufivirgatus",161038
"Gulf",-100.1351466,25.55455,"rufivirgatus","ruf_rufivirgatus",161119
"Gulf",-100.1280984,25.8905294,"rufivirgatus","ruf_rufivirgatus",161784
"Gulf",-99.3427543,25.727694,"rufivirgatus","ruf_rufivirgatus",161789
"Gulf",-99.790096,24.742172,"rufivirgatus","ruf_rufivirgatus",162025
"Gulf",-100.2304033,25.383495,"rufivirgatus","ruf_rufivirgatus",162211
"Gulf",-99.7440431,24.7414014,"rufivirgatus","ruf_rufivirgatus",162923
"Gulf",-100.1277192,25.9020213,"rufivirgatus","ruf_rufivirgatus",164253
"Gulf",-100.1476966,25.9314458,"rufivirgatus","ruf_rufivirgatus",165014
"Gulf",-97.719465,28.462453,"rufivirgatus","ruf_rufivirgatus",167760
"Gulf",-99.174663,29.622412,"rufivirgatus","ruf_rufivirgatus",168427
"Gulf",-99.7495314,24.7236388,"rufivirgatus","ruf_rufivirgatus",168690
"Gulf",-100.3259421,29.8307308,"rufivirgatus","ruf_rufivirgatus",169406
"Gulf",-100.2505311,25.4927917,"rufivirgatus","ruf_rufivirgatus",170097
